Id,Sentence,Expert Judgement,Crowd Flower Judgements,Average,Dataset
698,"I think it is very hard to distribute the point and to make every one to understand, because when few poeple started to do so, they would think it is not fair at all, they are the few who are suffering, other people cannot get it and continue doing the same thing, it just make those people thinks stupid.",3,"[1, 1, 2, 2, 2]",1.8333333333333333,test
979,"For the older , the phone , the only funciton , in some means, is a job , a project, a imper wich master call on him with the related to the jobs.",1,"[2, 3, 1, 2, 3]",2.0,test
1222,"The advertisemnet says that the car has space for 10 people when thhe truth is that the car is just 4 people space, another example is an advertisement of a skin soap, they said that this soap is the best because they say your skin wil be as soft as a fifteen years old princess, or that your skin will be as soft as the Jennife Lopez's skin.",3,"[2, 2, 3, 2, 3]",2.5,test
1246,For example we can see on the discovery channel in wild life many people are hobbies to learn from the animals.,2,"[4, 3, 3, 3, 3]",3.0,test
